broker_id,name,n_events,open_high_rate,open_high_ci_lo,open_high_ci_hi,open_high_1pct_rate,open_high_3pct_rate,close_up_rate,avg_t1_open_change,avg_t1_close_change,avg_t1_high_change
8150,台新,88,0.6590909090909091,0.5552626020736616,0.7496101353350942,0.5681818181818182,0.32954545454545453,0.5909090909090909,0.015361116394953779,0.01823442268901435,0.055837964577116025
616K,中國信託-高雄,16,0.8125,0.5699064013154177,0.9340852122641323,0.75,0.625,0.75,0.045504779827549365,0.0516774011848156,0.08331400098365795
9800,元大,794,0.8198992443324937,0.791649839400951,0.8450680253982774,0.739294710327456,0.5188916876574308,0.6397984886649875,0.03627703421658811,0.02951945473601304,0.06798212307197828
5384,第一金台南,5,0.4,0.11761823115925325,0.769280067791163,0.4,0.2,0.6,-0.0022656984890412455,-0.004919880197825853,0.025223706465004426
9600,富邦,637,0.814756671899529,0.7827315253489862,0.8430081270081642,0.7331240188383046,0.46153846153846156,0.5949764521193093,0.03010183826254837,0.022994148187465063,0.06556162121630182
9324,華南岡山,8,0.75,0.40926987910258916,0.9285223111419724,0.75,0.625,0.625,0.03917632809497622,-0.0023563037006413476,0.06155664606422612
9268,凱基台北,1538,0.7990897269180754,0.7783304147916249,0.8183586354973283,0.7022106631989596,0.4798439531859558,0.6092327698309493,0.030207064874732705,0.023763580089078012,0.06601494552840456
9A9e,永豐高雄,6,0.6666666666666666,0.2999883213415286,0.903230667440783,0.5,0.5,0.5,0.036648577722320226,0.0026648674568095897,0.048876656333681844
980w,元大西屯,16,0.8125,0.5699064013154177,0.9340852122641323,0.6875,0.5,0.6875,0.025514634567323183,0.019508668705659236,0.05634573616910305
6210,新百王,9,0.6666666666666666,0.35419734749908977,0.8794184013172571,0.5555555555555556,0.4444444444444444,0.5555555555555556,0.03109963661477784,0.022610315998217785,0.05639296034093696
700w,兆豐新莊,18,0.6666666666666666,0.4374906934425036,0.8372144563633714,0.6111111111111112,0.5555555555555556,0.6666666666666666,0.03944373261109023,0.04300090646272256,0.07017013571584697
779X,國票中和,5,0.4,0.11761823115925325,0.769280067791163,0.4,0.2,0.2,0.011944620363867732,-0.03416484391176023,0.05004826305750314
9215,凱基三民,43,0.6744186046511628,0.5251593250655096,0.7950688481822018,0.6511627906976745,0.3953488372093023,0.5813953488372093,0.021618080190152142,0.023509188492860073,0.0605439147020867
9837,元大北港,9,0.5555555555555556,0.26664734574402965,0.8112245705280859,0.5555555555555556,0.4444444444444444,0.5555555555555556,0.023975506177409487,0.024298667711523336,0.06147412665630007
918s,群益丹鳳,25,0.88,0.7004380781662651,0.9583325864293191,0.76,0.52,0.56,0.04256576451410764,0.01336078946300937,0.06305394560207421
983f,元大竹東,28,0.8928571428571429,0.7280377463234292,0.9628823079452006,0.8928571428571429,0.7142857142857143,0.7142857142857143,0.051669472852124074,0.04416872888576106,0.07457629314043832
918J,群益永和,53,0.7547169811320755,0.6243318493782993,0.8506723728814541,0.6792452830188679,0.5283018867924528,0.5849056603773585,0.03357162651516995,0.02962478107107509,0.07393487016783117
9205,凱基三重,22,0.9545454545454546,0.7820151050048196,0.9919307806988523,0.7727272727272727,0.45454545454545453,0.7272727272727273,0.03631257456626457,0.042520428583155294,0.07640676307869491
601d,奔亞鑫豐,31,0.7741935483870968,0.6018723994130262,0.886050084055012,0.6774193548387096,0.6129032258064516,0.6774193548387096,0.04014317693374191,0.045212761211084154,0.07235117782932901
9257,凱基林口,9,1.0,0.7008472464490406,1,1.0,0.6666666666666666,0.6666666666666666,0.044837470487831564,0.022832735303202525,0.07160870491455198
9666,富邦南屯,82,0.6707317073170732,0.5633818520351263,0.7628003253707004,0.6097560975609756,0.43902439024390244,0.5487804878048781,0.028373806131154266,0.01903645587080262,0.06102948752390101
9227,凱基城中,268,0.7985074626865671,0.7464194075715695,0.8421586467070986,0.7425373134328358,0.5783582089552238,0.5970149253731343,0.0392667837093021,0.024296539622063296,0.07004814951934595
9333,華南永昌-長虹,6,0.6666666666666666,0.2999883213415286,0.903230667440783,0.5,0.3333333333333333,0.5,0.011439391071448493,0.015211628881485396,0.07408794554727573
5850,統一,825,0.8133333333333334,0.785314350065423,0.8384477777042256,0.7078787878787879,0.4678787878787879,0.616969696969697,0.030892900527946725,0.02464243840944897,0.06657470196932933
9239,凱基市政,94,0.7553191489361702,0.6595223001974274,0.8310665699764046,0.6276595744680851,0.46808510638297873,0.574468085106383,0.03163995135181872,0.019917268462118103,0.0637717749558847
9339,華南永昌-竹北,12,0.5833333333333334,0.3195073356553728,0.8067425380947534,0.5833333333333334,0.5,0.5,0.022580505670253787,0.011152843662885636,0.06704678570690166
9308,華南永昌-麻豆,5,0.4,0.11761823115925325,0.769280067791163,0.4,0.4,1.0,0.02525650281215494,0.04655069103668374,0.0810494385386014
9658,富邦建國,43,0.7674418604651163,0.6225519170056059,0.8684646153075517,0.6744186046511628,0.6046511627906976,0.6511627906976745,0.035153600947020504,0.031626249838085256,0.06981107511730845
8440,摩根大通,585,0.8273504273504273,0.7946131682975716,0.8558164209162339,0.7162393162393162,0.49743589743589745,0.6188034188034188,0.03232462059552528,0.02659330967635275,0.06695235758684225
9801,元大-松江,22,0.8636363636363636,0.6666458812053,0.9525108273576373,0.7272727272727273,0.45454545454545453,0.7272727272727273,0.027140282419202813,0.03209513687439784,0.07227838121091569
1480,美商高盛亞,412,0.7645631067961165,0.721266911758007,0.802971163509114,0.6213592233009708,0.3762135922330097,0.5728155339805825,0.023714049787539493,0.020142220368458346,0.05988558897957023
1470,台灣摩根,396,0.7752525252525253,0.7316077127907226,0.8136081927078549,0.6666666666666666,0.4621212121212121,0.6186868686868687,0.02551041312119138,0.024805399287105945,0.06384292211604359
592D,元富大昌,7,1.0,0.6456611570247934,1,0.8571428571428571,0.5714285714285714,0.2857142857142857,0.04462761307145118,0.005515845423454061,0.053260861049448514
1440,美林證券,289,0.7854671280276817,0.7345568314006413,0.8288877065338599,0.6643598615916955,0.45674740484429066,0.5743944636678201,0.027726579415359737,0.021809625593001203,0.06255768141716565
989N,元大-內湖,13,0.9230769230769231,0.6668546607175265,0.9862899336203037,0.7692307692307693,0.38461538461538464,0.6923076923076923,0.03229869309325083,0.013642493476707977,0.059607567694959965
8880,國泰綜合,116,0.7068965517241379,0.6184981094264468,0.7820305884547564,0.5689655172413793,0.35344827586206895,0.5862068965517241,0.02113473018752642,0.029851076666274817,0.06880678212436428
1560,港商野村,780,0.8038461538461539,0.7745183015086725,0.8301957121389829,0.7038461538461539,0.46923076923076923,0.6166666666666667,0.03014605550722018,0.025485542172416942,0.06730558908331832
1650,星洲瑞銀,391,0.7800511508951407,0.7363785953752205,0.8182742071663557,0.6572890025575447,0.3938618925831202,0.6086956521739131,0.024684913671567034,0.02183644725798768,0.06168936604527655
9B20,台新台北,38,0.6578947368421053,0.4989181162907454,0.7878777997354104,0.5789473684210527,0.42105263157894735,0.6578947368421053,0.023277537877617153,0.025098968480693113,0.06286314367711018
8890,大和國泰,8,0.375,0.13684175946152105,0.6942621454161982,0.375,0.25,0.5,0.0016359496034881007,-0.00401815371635678,0.04463392362572451
5320,高橋,5,0.8,0.37552826411853885,0.9637768390302125,0.6,0.4,0.4,0.041429873179050385,0.009374702131920851,0.06686395634932284
9300,華南永昌,236,0.826271186440678,0.7728110136422891,0.869279432718976,0.75,0.6016949152542372,0.6567796610169492,0.04356921600575712,0.031513392656106844,0.07234070746566988
9202,凱基中港,32,0.8125,0.6469050424507756,0.9111057606383722,0.75,0.4375,0.5,0.03166745584853803,0.010655885311228738,0.06743551462614422
9834,元大中壢,25,0.68,0.48409913734576715,0.8279501248310885,0.64,0.48,0.68,0.023849715336025038,0.025763671423839365,0.06997710615941556
9A9J,永豐金板新,43,0.7906976744186046,0.6479406820576337,0.8857729400218853,0.7209302325581395,0.627906976744186,0.5116279069767442,0.041617483736466676,0.011012673567990641,0.0650129399392692
126Q,宏遠高雄,11,0.9090909090909091,0.6226353745137962,0.9837682477371741,0.6363636363636364,0.45454545454545453,0.6363636363636364,0.03249618044306534,0.02713999162509971,0.06509558679907469
9B00,台新,76,0.7894736842105263,0.6850414943195868,0.8660496661781988,0.75,0.4868421052631579,0.5657894736842105,0.03434597129562211,0.017644978931957555,0.0664388467127591
984K,元大館前,30,0.6666666666666666,0.4877972581383026,0.807697044731538,0.6666666666666666,0.43333333333333335,0.43333333333333335,0.022688910680104216,0.011711691519991423,0.05964038090010531
8884,國泰-台南,11,0.6363636363636364,0.35379677689163724,0.8483377638586862,0.5454545454545454,0.45454545454545453,0.36363636363636365,0.009814802193909218,0.005849582680675313,0.0762686060656085
7790,國票,48,0.8541666666666666,0.7283255295714138,0.9275184258620602,0.7708333333333334,0.5625,0.6875,0.03650386227059142,0.04025446658478119,0.07447012001098531
5854,統一城中,114,0.8157894736842105,0.7347490637665779,0.8762406037192675,0.7368421052631579,0.45614035087719296,0.45614035087719296,0.028648020023569122,0.0024461933175880554,0.06047585148070736
9623,富邦台北,99,0.8686868686868687,0.7882011546038707,0.9216283307405814,0.797979797979798,0.6363636363636364,0.6565656565656566,0.048553555202793454,0.034866318921801726,0.07553730253012916
9A9D,永豐忠孝,26,0.8846153846153846,0.7102370691310167,0.9599682817885051,0.8461538461538461,0.8076923076923077,0.8076923076923077,0.06906338006731555,0.05360552114935917,0.08466714362945132
918e,群益大安,35,0.7714285714285715,0.60982362219898,0.8793426325382091,0.6285714285714286,0.42857142857142855,0.6571428571428571,0.033246154634950245,0.019493727869412537,0.06922909071390015
8888,國泰敦南,98,0.5612244897959183,0.46250823376575,0.6553218081817448,0.5204081632653061,0.4387755102040816,0.5510204081632653,0.015215314919086342,0.021086782381079593,0.06392888735755893
980K,元大竹科,381,0.8110236220472441,0.7686815664466551,0.8471562223994572,0.7349081364829396,0.5249343832020997,0.6719160104986877,0.03496036808728634,0.03165690056084976,0.07097514835250472
9306,永昌台南,6,0.6666666666666666,0.2999883213415286,0.903230667440783,0.6666666666666666,0.6666666666666666,0.6666666666666666,0.02057110259603887,0.03172530998772068,0.05624869381518926
9A9U,永豐金-中正,9,0.5555555555555556,0.26664734574402965,0.8112245705280859,0.5555555555555556,0.3333333333333333,0.5555555555555556,0.0034994938871146224,0.006502072086152506,0.06689934284597734
9209,凱基-岡山,17,0.4117647058823529,0.21610786039131383,0.6399492561448445,0.29411764705882354,0.23529411764705882,0.35294117647058826,0.003868587944281345,-0.008788443480631448,0.04195897482149527
965K,富邦台中,18,0.5555555555555556,0.33716069428251627,0.7544076889861088,0.5555555555555556,0.4444444444444444,0.5555555555555556,0.021176636943729586,0.025596472672224882,0.06617752091302098
9B25,台新五權,10,0.7,0.3967732199795652,0.892210712513788,0.7,0.5,0.5,0.025129249060279607,0.014173221288867078,0.055986683805051084
1360,港麥格理,31,0.8387096774193549,0.6736529727502113,0.9290748009456007,0.6774193548387096,0.1935483870967742,0.5483870967741935,0.019480842901652994,0.017292205371695547,0.05805461646537092
592a,元富松德,109,0.8623853211009175,0.7852989880602103,0.9147974302819615,0.7614678899082569,0.5963302752293578,0.6788990825688074,0.03856642575854541,0.03319919447685054,0.07035771947557043
9207,凱基永和,50,0.76,0.6258705062480764,0.8570274759812778,0.7,0.5,0.7,0.02763272089602005,0.034977906505337525,0.07342602756960011
8564,新光台南,58,0.8620689655172413,0.750738501271678,0.9284159837351781,0.8448275862068966,0.6379310344827587,0.5689655172413793,0.04006052503176154,0.025050939668212015,0.0701700221163237
5920,元富,48,0.8541666666666666,0.7283255295714138,0.9275184258620602,0.8125,0.5,0.5625,0.026452949759738945,0.016886324013648004,0.059737597631804605
700P,兆豐南京,12,0.8333333333333334,0.5519636426153274,0.9530358523851776,0.8333333333333334,0.6666666666666666,0.75,0.04076586732567065,0.042617435739130134,0.07026259505975192
9A9d,永豐金古亭,14,0.9285714285714286,0.6853073044604219,0.9872781138877085,0.9285714285714286,0.42857142857142855,0.6428571428571429,0.036031155745188274,0.027879519202255894,0.0746549882546425
9858,元大龍潭,8,0.375,0.13684175946152105,0.6942621454161982,0.375,0.25,0.25,-0.002333712503832863,-0.018211984074060876,0.037036123993932704
9315,華南大甲,6,0.6666666666666666,0.2999883213415286,0.903230667440783,0.6666666666666666,0.6666666666666666,0.6666666666666666,0.023297606334175047,0.02112588227516292,0.056265228021797946
988B,元大桃園,5,0.8,0.37552826411853885,0.9637768390302125,0.8,0.8,0.6,0.04234993623314614,0.030626215833934305,0.07043576256454238
989I,元大-蘆洲中正,27,0.7037037037037037,0.515189666191624,0.8414714668235244,0.5925925925925926,0.48148148148148145,0.7777777777777778,0.024978849735864332,0.0438501684184123,0.07213594052551736
9314,永昌嘉義,52,0.8269230769230769,0.7026887630639471,0.906176312435322,0.75,0.5961538461538461,0.6538461538461539,0.04400509796345502,0.031797669628428935,0.07861891527515154
126L,宏遠台中,5,0.6,0.23071993220883702,0.8823817688407467,0.6,0.6,0.8,0.05083904685315057,0.058188281943567365,0.08715884885671801
961F,富邦公益,5,0.8,0.37552826411853885,0.9637768390302125,0.8,0.4,0.8,0.015699745062549335,0.04845140200500184,0.054029011234784985
779c,國票敦北,158,0.8037974683544303,0.7349789767212578,0.8581936068419298,0.6962025316455697,0.47468354430379744,0.5316455696202531,0.02813100572528845,0.014450505907740904,0.06123305116078186
779Z,國票安和,186,0.8225806451612904,0.7613185046255799,0.8707874194711408,0.7311827956989247,0.532258064516129,0.6559139784946236,0.03582620438752083,0.02997699816745707,0.07007778629050573
8158,台新-松江,5,0.8,0.37552826411853885,0.9637768390302125,0.8,0.6,0.6,0.026023108907885,0.010787894338486361,0.052333623241669736
5261,美好蘆洲,23,0.8695652173913043,0.678721020269818,0.9546242348565529,0.782608695652174,0.391304347826087,0.7391304347826086,0.030940873804357318,0.030595717032047977,0.0707125733226419
592o,元富新興,5,0.8,0.37552826411853885,0.9637768390302125,0.8,0.8,0.6,0.04672780082862601,0.03737297058632493,0.07160587001130818
9A9A,永豐羅東,60,0.8166666666666667,0.7008000677353371,0.8944231096286387,0.8,0.6666666666666666,0.7666666666666667,0.04494737085931808,0.05644228954447152,0.07742988962391881
102F,合庫西台中,8,0.75,0.40926987910258916,0.9285223111419724,0.75,0.75,0.625,0.054332934736113385,0.0325268925184016,0.06529064851366453
5851,統一高雄,11,0.45454545454545453,0.21270957543988048,0.7199122443100118,0.45454545454545453,0.45454545454545453,0.36363636363636365,0.02789572165174166,0.0070863301965517845,0.04333165610785728
616A,中信中壢,16,0.6875,0.4440393186673406,0.8583556494803894,0.6875,0.625,0.625,0.04511588622537927,0.019238614378243014,0.06747223384579706
981p,元大松山,12,0.6666666666666666,0.3906175873976139,0.8618821601026386,0.5833333333333334,0.4166666666666667,0.8333333333333334,0.008800329795932755,0.0902240820779041,0.13546177359317796
9208,凱基桃園,16,0.875,0.6397666856325172,0.9650232506629429,0.8125,0.625,0.9375,0.04819154702410681,0.060841856033728395,0.08255858842018181
6464,大昌新店,8,0.375,0.13684175946152105,0.6942621454161982,0.25,0.25,0.375,0.01238227335418016,-0.02879473974107754,0.02501193185927981
981L,元大-莒光,6,0.8333333333333334,0.4364905634363539,0.9699474141282696,0.8333333333333334,0.6666666666666666,0.3333333333333333,0.04166161755339491,-0.003303944820585599,0.06830089933256617
9A91,永豐金松山,13,0.7692307692307693,0.49743126004873084,0.918206209075343,0.6923076923076923,0.6923076923076923,0.8461538461538461,0.05342382085986631,0.06773392144475499,0.08446983603764718
585b,統一內湖,26,0.8076923076923077,0.6212336384535001,0.9149306422821174,0.6923076923076923,0.6153846153846154,0.6923076923076923,0.049288014921284984,0.03625954573073925,0.07469258490785512
6160,中國信託證,54,0.7407407407407407,0.610688551197827,0.838814920352061,0.6296296296296297,0.48148148148148145,0.6296296296296297,0.03043656603576466,0.027607107976853708,0.06840466417134322
981U,元大華山,6,0.5,0.1876128068994087,0.8123871931005913,0.3333333333333333,0.3333333333333333,0.3333333333333333,0.02235746767940525,0.01376656046153821,0.05533040462014868
8563,新光-新竹,17,0.7058823529411765,0.468664666737861,0.8672020613444361,0.6470588235294118,0.5882352941176471,0.5294117647058824,0.027949883352022475,0.019778175005228965,0.06653121807219521
918W,群益金鼎-忠孝,8,0.375,0.13684175946152105,0.6942621454161982,0.25,0.25,0.25,0.0020684941894340905,-0.028673132777720822,0.036915375871256505
961C,富邦南京,107,0.7476635514018691,0.657762993970251,0.820396830499984,0.6728971962616822,0.4485981308411215,0.6261682242990654,0.023467273061157156,0.02452661913750091,0.06577307308376198
9331,華南鳳山,8,0.875,0.5291051942301385,0.9775830911367039,0.75,0.75,0.75,0.05401745531967871,0.03060614802289187,0.07145604523419136
585U,統一南京,141,0.8085106382978723,0.7357274598347671,0.8649287052448785,0.723404255319149,0.5106382978723404,0.6312056737588653,0.03282971827167109,0.028541366541310578,0.06949759323654947
9A9P,永豐金-竹北,9,0.6666666666666666,0.35419734749908977,0.8794184013172571,0.5555555555555556,0.3333333333333333,0.6666666666666666,0.014654194932580598,0.02387147896387835,0.06271640746325427
6110,台中銀,5,0.6,0.23071993220883702,0.8823817688407467,0.6,0.4,0.6,0.01671423109570869,0.0268336777402702,0.08883373419445936
8157,台新-左楠,8,0.625,0.3057378545838018,0.863158240538479,0.625,0.25,0.75,0.012666225899875656,0.048095902814287154,0.07129445475467132
983B,元大林森,41,0.7073170731707317,0.5552024292386027,0.8239098236694112,0.6585365853658537,0.34146341463414637,0.5365853658536586,0.018829023795556888,0.006717213717035851,0.05330770184547892
9137,群益士林,6,0.6666666666666666,0.2999883213415286,0.903230667440783,0.6666666666666666,0.5,0.6666666666666666,0.017345303745461716,0.03245023572163145,0.060268617501170685
5859,統一屏東,57,0.7894736842105263,0.6671363132153347,0.875255734331081,0.7017543859649122,0.47368421052631576,0.6140350877192983,0.02839853319287675,0.018498431663278924,0.06121349971187287
9665,富邦-桃園,8,0.875,0.5291051942301385,0.9775830911367039,0.75,0.75,0.5,0.040686955294353816,0.008767203643439038,0.07333838658633483
1042,臺銀-臺南,7,0.5714285714285714,0.2504542304090258,0.8417830777373732,0.5714285714285714,0.5714285714285714,0.5714285714285714,0.035078218043668445,0.03551834099034913,0.08818102643546175
8561,新光台中,36,0.7777777777777778,0.6191498017214091,0.882838070251604,0.75,0.6111111111111112,0.6666666666666666,0.05287845006418664,0.03943183450574814,0.07335205531201494
5385,第一桃園,9,0.6666666666666666,0.35419734749908977,0.8794184013172571,0.6666666666666666,0.5555555555555556,0.5555555555555556,0.03431735497789325,0.028817952821881328,0.07055993868247992
526K,美好富順,10,0.8,0.49015684672072346,0.9433190520193067,0.8,0.7,0.7,0.053982666022771464,0.041784592926331916,0.07111793522366348
6161,中信託三重,19,0.6842105263157895,0.4601001017506463,0.846358289955714,0.6842105263157895,0.631578947368421,0.47368421052631576,0.0350356806980735,0.016957160665991854,0.06077582233096601
989E,元大草屯,20,0.75,0.5312949900419365,0.888139947210597,0.7,0.5,0.55,0.03375725115841821,0.028328852521460335,0.06803726660123671
585c,統一仁愛,27,0.8148148148148148,0.6330094349480825,0.9181941342571468,0.8148148148148148,0.7407407407407407,0.6666666666666666,0.052176939293460865,0.03686606563473861,0.07351624331619443
9833,元大敦化,22,0.9090909090909091,0.7218461934161421,0.9747051037171623,0.7272727272727273,0.5,0.6363636363636364,0.0313093842104123,0.022625533593527484,0.06308620336946215
700f,兆豐鹿港,7,1.0,0.6456611570247934,1,0.5714285714285714,0.5714285714285714,0.42857142857142855,0.05990566412346459,0.03384057723469377,0.0806817410267664
9A81,永豐匯立,19,0.5789473684210527,0.3627555146516011,0.7685837960796963,0.47368421052631576,0.3157894736842105,0.5789473684210527,0.010833819359476747,0.013878065645565353,0.045488691929209256
980D,元大北府,8,0.375,0.13684175946152105,0.6942621454161982,0.125,0.0,0.25,-0.007291234017533569,-0.022321934912756327,0.028106659892758873
9216,凱基信義,138,0.8115942028985508,0.7382507783104435,0.8680593591950557,0.7318840579710145,0.5144927536231884,0.6376811594202898,0.03463560132907146,0.030695276692079963,0.06774171432208294
920F,凱基站前,164,0.7439024390243902,0.6720504832635601,0.8045893962418784,0.5792682926829268,0.34146341463414637,0.5304878048780488,0.02453842416007924,0.01500409204763765,0.06324858242183118
1590,花旗環球,30,0.7333333333333333,0.5555169795568831,0.8581750444608938,0.5666666666666667,0.3,0.5333333333333333,0.01930007087748786,0.022195626146762567,0.06234884723485875
989g,元大嘉義,28,0.8214285714285714,0.644082084514089,0.9212161417056989,0.7142857142857143,0.4642857142857143,0.5714285714285714,0.032041335311304424,0.016479892907504352,0.0636675836308129
9100,群益,152,0.7236842105263158,0.6477452174876825,0.7885952718296756,0.6578947368421053,0.46710526315789475,0.5657894736842105,0.0288665254671477,0.017848161188063455,0.060439259858970786
700a,兆豐忠孝,12,0.8333333333333334,0.5519636426153274,0.9530358523851776,0.6666666666666666,0.5,0.75,0.02372231299638439,0.03273142861475669,0.07210264792469952
981j,元大士林,36,0.7222222222222222,0.5600719978365485,0.841518299741862,0.6666666666666666,0.4166666666666667,0.5,0.02638399427398628,0.0210362242880606,0.06576211239466116
8847,玉山台南,11,0.8181818181818182,0.5230138624217553,0.9486333993289994,0.5454545454545454,0.45454545454545453,0.6363636363636364,0.04020986148542848,0.036422489438392006,0.0779368351261163
9200,凱基,165,0.7818181818181819,0.7127783138933664,0.8380338082376724,0.6787878787878788,0.3939393939393939,0.49696969696969695,0.027424158695129368,0.011118817685145665,0.06062594238270279
1260,宏遠,20,0.7,0.4810232237710205,0.8545247260310062,0.65,0.4,0.6,0.020620897548876443,0.0333441679617142,0.06967226176882868
969C,富邦北港,51,0.8431372549019608,0.7198929160164018,0.9183087411197867,0.803921568627451,0.47058823529411764,0.5294117647058824,0.03141157225415801,0.015222481985930354,0.0760736087886433
7005,兆豐台中港,7,0.42857142857142855,0.1582169222626268,0.7495457695909742,0.42857142857142855,0.42857142857142855,0.42857142857142855,0.023306050348939927,0.022102672218747257,0.05133411282048412
920A,凱基板橋,59,0.7627118644067796,0.6402486613269722,0.8530551374305387,0.6949152542372882,0.5084745762711864,0.5932203389830508,0.034809071866641415,0.02065675631016685,0.06269917501220026
9862,元大-南京,10,0.6,0.3126695474501863,0.8318224187964901,0.6,0.5,0.5,0.018853546367062417,0.011709947518883372,0.06321844420889532
700W,兆豐城中,19,0.7894736842105263,0.5666528575973391,0.9149246150840842,0.7368421052631579,0.47368421052631576,0.47368421052631576,0.03833715081510772,0.009676102326806508,0.05228921900828034
9692,富邦嘉義,119,0.8067226890756303,0.7266458695547726,0.8676153579121442,0.7394957983193278,0.5966386554621849,0.6218487394957983,0.03485123752018085,0.028009791271554254,0.07156166163043284
6620,口袋證券,11,0.8181818181818182,0.5230138624217553,0.9486333993289994,0.6363636363636364,0.6363636363636364,0.45454545454545453,0.042975160163148694,0.020289866722914534,0.056344913579559945
9852,元大永春,38,0.7368421052631579,0.5799084979362467,0.8502853761029869,0.7105263157894737,0.5789473684210527,0.7631578947368421,0.03399646008700764,0.04675707300224645,0.07662552487433297
9359,華南中正,13,0.7692307692307693,0.49743126004873084,0.918206209075343,0.6923076923076923,0.5384615384615384,0.46153846153846156,0.03839444935366481,0.013093642966238649,0.05311791019094115
9289,凱基-興隆,14,0.8571428571428571,0.600580922361363,0.9599069262620787,0.8571428571428571,0.5714285714285714,0.7142857142857143,0.04086879180848218,0.022673847326545513,0.0709956017742444
8882,國泰台中,11,0.5454545454545454,0.2800877556899882,0.7872904245601196,0.45454545454545453,0.36363636363636365,0.5454545454545454,0.026226112836018667,0.01939007876070187,0.05214233840404691
9323,永昌小港,19,0.6842105263157895,0.4601001017506463,0.846358289955714,0.631578947368421,0.47368421052631576,0.5263157894736842,0.026185389855338633,0.02009723207156394,0.050964455185954105
9816,元大新竹,59,0.864406779661017,0.7546010154508226,0.9296590925031444,0.7966101694915254,0.5932203389830508,0.6271186440677966,0.03720940990636177,0.021570788378215827,0.07162509486699091
9875,元大-土城永寧,35,0.7714285714285715,0.60982362219898,0.8793426325382091,0.4857142857142857,0.4,0.5142857142857142,0.01634510091110281,0.01688155181206447,0.059174607337739084
815B,台新-台中,10,0.6,0.3126695474501863,0.8318224187964901,0.5,0.4,0.5,0.023129345826091597,0.019922750384055568,0.056660856359175116
9237,凱基敦北,74,0.8108108108108109,0.707122301658184,0.8838213582871409,0.7162162162162162,0.5540540540540541,0.6081081081081081,0.029742190126271672,0.022950176562576672,0.06781777208511426
9859,元大-新竹經國,9,0.6666666666666666,0.35419734749908977,0.8794184013172571,0.6666666666666666,0.5555555555555556,0.8888888888888888,-0.006112093480508033,0.05591037224046672,0.09085585232676213
9812,元大台中,29,0.7931034482758621,0.6160955339174229,0.9015406348441479,0.7241379310344828,0.4827586206896552,0.5517241379310345,0.03767818314390385,0.02334750873107969,0.06553941059623082
9676,富邦仁愛,55,0.7454545454545455,0.6169787660766216,0.8418802724267501,0.6181818181818182,0.4727272727272727,0.6545454545454545,0.03125073969302187,0.033317927488507204,0.07291711069196558
9188,群益三民,13,0.6923076923076923,0.4236888781333764,0.873195028383819,0.46153846153846156,0.38461538461538464,0.6923076923076923,0.020420087943086862,0.03374435230988744,0.060997061065621985
1022,合庫台南,16,0.75,0.5050123107060135,0.8981809801576265,0.6875,0.5,0.875,0.0378362897827937,0.04794051954936607,0.07965728032159562
986K,元大基孝,5,0.8,0.37552826411853885,0.9637768390302125,0.8,0.8,1.0,0.05152823085720515,0.05748109232792874,0.09219207577613078
9135,群益東大,13,0.6153846153846154,0.3552248097226855,0.8229055341876319,0.5384615384615384,0.46153846153846156,0.6153846153846154,0.024468819445692343,0.030006671599145406,0.06711069058475269
9A00,永豐金,130,0.7769230769230769,0.697997729127831,0.8399516079990413,0.676923076923077,0.4461538461538462,0.6230769230769231,0.0302340363574197,0.02863869074662849,0.0648971860599036
9B2a,台新松德,125,0.864,0.7929692002807947,0.9133244191713077,0.816,0.704,0.688,0.05634333292668448,0.037082878166945166,0.07831245955979688
9B18,台新建北,13,0.8461538461538461,0.5776482949136899,0.9567427368172621,0.8461538461538461,0.6923076923076923,0.6153846153846154,0.05225687226216888,0.03736051252119131,0.07615588210323741
9B2n,元富-西松,28,0.7857142857142857,0.6046105292072612,0.8978767829881058,0.6785714285714286,0.39285714285714285,0.5,0.02932484145482783,0.009720666666707942,0.06373110152340124
961H,富邦新板,9,0.7777777777777778,0.4525833436728054,0.9367762376877727,0.6666666666666666,0.3333333333333333,0.7777777777777778,0.034606493016598544,0.03754028412084511,0.07340420026623701
8560,新光,122,0.7131147540983607,0.6273141905622519,0.78590369605076,0.6065573770491803,0.45901639344262296,0.5983606557377049,0.02483087818234821,0.019774867317224856,0.06300380788611123
9667,富邦-台南,18,0.7222222222222222,0.49126922453805477,0.8750043085364453,0.6111111111111112,0.4444444444444444,0.5555555555555556,0.029213184278110413,0.01982129150459548,0.0656196850454645
918d,群益內湖,47,0.851063829787234,0.7231410342888723,0.925933739125025,0.7872340425531915,0.5531914893617021,0.6170212765957447,0.03561612682905519,0.022681027774400963,0.06638887115542141
7797,國票中正,5,0.8,0.37552826411853885,0.9637768390302125,0.6,0.6,1.0,0.02252677627225561,0.0833221682586128,0.09105124198890566
9325,永昌忠孝,22,0.9545454545454546,0.7820151050048196,0.9919307806988523,0.7727272727272727,0.5454545454545454,0.6363636363636364,0.0424583909054685,0.024671844957557365,0.07003083009523389
779z,國票博愛,22,0.5,0.3072180469247956,0.6927819530752043,0.5,0.4090909090909091,0.6363636363636364,0.029698043469838453,0.02998345899247007,0.06226938607869154
592n,元富西松,28,0.7142857142857143,0.529403642629825,0.8474618415167003,0.6428571428571429,0.4642857142857143,0.8928571428571429,0.02636106564230221,0.052317674393352956,0.07538563584202689
585P,統一板橋,28,0.7857142857142857,0.6046105292072612,0.8978767829881058,0.75,0.39285714285714285,0.5714285714285714,0.023924389474942742,0.023790536459807964,0.06776573228420153
9326,永昌南京,34,0.7647058823529411,0.6000353719173557,0.8756316189075565,0.6764705882352942,0.5588235294117647,0.8529411764705882,0.032831525279204195,0.049112183081936205,0.07732635905569642
9627,富邦內湖,15,0.8,0.5481406466534955,0.9295257935638959,0.8,0.5333333333333333,0.6,0.04310114752386353,0.020588597636614334,0.06696467164006144
9608,富邦台東,5,0.6,0.23071993220883702,0.8823817688407467,0.6,0.6,0.2,0.013881047394745388,-0.004294810785340159,0.0373803645270745
9285,凱基-中壢,11,0.7272727272727273,0.4343497069897538,0.9025411942607853,0.6363636363636364,0.45454545454545453,0.6363636363636364,0.0156274685049224,0.023770944355295268,0.05764224103529774
913Y,群益館前,19,0.7894736842105263,0.5666528575973391,0.9149246150840842,0.7368421052631579,0.6842105263157895,0.8947368421052632,0.04406164456415322,0.06385234441126131,0.08534342194607025
981a,元大歸仁,6,0.8333333333333334,0.4364905634363539,0.9699474141282696,0.8333333333333334,0.8333333333333334,0.5,0.05833216469757915,0.033194853721612724,0.06951809952008119
9874,元大雙和,7,0.5714285714285714,0.2504542304090258,0.8417830777373732,0.5714285714285714,0.5714285714285714,0.5714285714285714,0.02218564233507502,0.0035373078221879917,0.0504824748692824
538E,第一自由,8,0.75,0.40926987910258916,0.9285223111419724,0.75,0.5,0.875,0.039952972880362564,0.018268385968024985,0.07565463193174367
8588,聯邦銀富強,5,0.8,0.37552826411853885,0.9637768390302125,0.8,0.4,0.4,0.025769902271320137,-0.0054841303252519714,0.0576439856750668
6480,福邦,11,0.45454545454545453,0.21270957543988048,0.7199122443100118,0.45454545454545453,0.36363636363636365,0.5454545454545454,0.02715311961789053,0.006509057787344425,0.05987391901737509
918X,群益金鼎-台北,22,0.6818181818181818,0.4731822278283934,0.8363961264530752,0.6818181818181818,0.6363636363636364,0.6363636363636364,0.035004225273395036,0.027215880660402217,0.07363784684650738
9101,群益敦南,31,0.7096774193548387,0.5340734004245933,0.8390437928156712,0.6129032258064516,0.2903225806451613,0.6129032258064516,0.025035592474143137,0.02422086197423574,0.06566956734136914
9655,富邦板橋,51,0.7843137254901961,0.6537337712118704,0.8750618875581144,0.6862745098039216,0.5490196078431373,0.5490196078431373,0.030429758688264044,0.019109038054665798,0.06831352023702698
9A89,永豐金敦北,50,0.78,0.6475818431054045,0.8724621377569771,0.64,0.52,0.68,0.03519947851109793,0.04051009626824806,0.07482029583994439
5852,統一-敦南,20,0.85,0.6395767041130426,0.9476322080405041,0.8,0.7,0.8,0.05158519484280174,0.05487902652413183,0.08168193700624075
983N,元大大安,18,0.8888888888888888,0.6719975513339578,0.9689811315464172,0.7777777777777778,0.3888888888888889,0.2777777777777778,0.037603730382615275,-0.015617670707526692,0.06616324928245565
585J,統一三重,9,0.5555555555555556,0.26664734574402965,0.8112245705280859,0.5555555555555556,0.4444444444444444,0.7777777777777778,0.03509500681168117,0.03954091105009113,0.07470609290785807
9878,元大金華,8,0.625,0.3057378545838018,0.863158240538479,0.625,0.625,0.625,0.036294390082822495,0.017194634858716053,0.06756132383809102
989F,元大-三民,8,0.625,0.3057378545838018,0.863158240538479,0.625,0.625,0.75,0.03037793099020524,0.039311757906144155,0.06423194553374412
982B,元大博愛,10,0.6,0.3126695474501863,0.8318224187964901,0.5,0.4,0.6,0.02167838665874295,0.019703659998371044,0.0516459284588742
884E,玉山-城中,6,0.6666666666666666,0.2999883213415286,0.903230667440783,0.3333333333333333,0.3333333333333333,0.8333333333333334,-0.0017190196763289575,0.05084647995953632,0.06496461452555552
9A9W,永豐市政,12,0.9166666666666666,0.6461140782014047,0.9851352905492264,0.5833333333333334,0.4166666666666667,0.75,0.038369589820298276,0.015383092448421322,0.07327371514959573
888A,國泰館前,15,0.6,0.357464427565077,0.8017577191740534,0.4666666666666667,0.4,0.26666666666666666,0.02017711524984051,-0.013510089737653665,0.04716220468427104
700Z,兆豐高雄,7,0.7142857142857143,0.35892909014821267,0.9177828342909845,0.7142857142857143,0.5714285714285714,0.7142857142857143,0.02695703767329728,0.033437342752787515,0.0676157627279662
585H,統一-桃園,10,0.7,0.3967732199795652,0.892210712513788,0.6,0.4,0.8,0.010504712375429126,0.07356932458950902,0.106594393661682
9824,元大向上,5,0.8,0.37552826411853885,0.9637768390302125,0.6,0.4,0.8,0.02969860696664401,0.051360782906690994,0.08417128786740526
921M,凱基八德,6,0.3333333333333333,0.09676933255921684,0.7000116786584712,0.3333333333333333,0.3333333333333333,0.5,0.020221555937218628,0.021749387326672517,0.055372025745255606
982F,元大忠鼎,8,1.0,0.6755843804891231,1,0.625,0.625,0.5,0.04675814694235724,0.021130765562953634,0.05864386425112452
592Z,元富安南,6,1.0,0.6096569663469354,1,0.6666666666666666,0.6666666666666666,0.3333333333333333,0.03324172585805458,0.008375577548988681,0.07341324926297346
9238,凱基-士林,13,0.8461538461538461,0.5776482949136899,0.9567427368172621,0.7692307692307693,0.6153846153846154,0.6153846153846154,0.03884981000656783,0.03353803814873589,0.07037003946172986
5925,元富台中,11,1.0,0.7411599827511859,1,0.9090909090909091,0.45454545454545453,0.45454545454545453,0.027694049432346893,-4.186960083319981e-05,0.06046768279246655
989m,元大信義,6,0.5,0.1876128068994087,0.8123871931005913,0.5,0.3333333333333333,0.8333333333333334,0.023725588546833303,0.03580772675678209,0.056939449753212225
989L,元大-成功,10,0.4,0.16817758120350967,0.6873304525498135,0.4,0.2,0.5,0.00022996535783708464,0.02322092036733733,0.0692586141297507
989j,元大樹林,8,0.75,0.40926987910258916,0.9285223111419724,0.75,0.625,1.0,0.04754275656130833,0.09258046689924755,0.09470397470457353
9B2u,台新世貿,8,0.625,0.3057378545838018,0.863158240538479,0.625,0.5,0.5,0.03750642248400544,0.0005806588067771542,0.05941019364512708
9A9R,永豐信義,51,0.7254901960784313,0.5905308805092127,0.8288587798945684,0.7058823529411765,0.5098039215686274,0.6470588235294118,0.03139973526492522,0.03125217133151612,0.07320369383414589
700I,兆豐北高雄,10,0.6,0.3126695474501863,0.8318224187964901,0.5,0.3,0.2,0.01775426387580497,-0.006090404030171549,0.058668224826542895
1020,合庫,7,0.8571428571428571,0.4868654966809702,0.9743210440510253,0.8571428571428571,0.42857142857142855,0.5714285714285714,0.03295372766025405,0.029864285347700362,0.06106318758768926
8887,國泰忠孝,13,0.8461538461538461,0.5776482949136899,0.9567427368172621,0.7692307692307693,0.5384615384615384,0.5384615384615384,0.036149518100287464,0.022466886949878067,0.07164478457063239
9B2b,元富板橋,10,0.6,0.3126695474501863,0.8318224187964901,0.5,0.4,0.7,0.032598741099303566,0.024881479322473428,0.07366128518370917
538M,第一金嘉義,8,0.875,0.5291051942301385,0.9775830911367039,0.5,0.25,0.375,0.028401597103823256,0.01420728420502413,0.06770953329033616
980h,元大台北,40,0.775,0.6249660359590695,0.8768404674532148,0.725,0.55,0.625,0.04010352945248947,0.02528648895881691,0.06872358501708586
9893,元大-大天母,17,0.7058823529411765,0.468664666737861,0.8672020613444361,0.7058823529411765,0.5294117647058824,0.6470588235294118,0.02564026290891901,0.018314427330783783,0.06499198600626131
8151,台新建北,30,0.9666666666666667,0.8332924860304112,0.9940915620051425,0.8666666666666667,0.7666666666666667,0.9333333333333333,0.0574474023012222,0.07169785017047343,0.09048304306350716
918G,群益新莊,7,0.8571428571428571,0.4868654966809702,0.9743210440510253,0.8571428571428571,0.42857142857142855,1.0,0.0238740264611278,0.07836644745604467,0.08570499931514446
538N,第一金豐原,14,0.5714285714285714,0.3259026690286935,0.7861949006959947,0.5,0.42857142857142855,0.7142857142857143,0.023917867133328007,0.03156093749401018,0.06736035879536877
9659,富邦-高雄,16,0.6875,0.4440393186673406,0.8583556494803894,0.625,0.625,0.75,0.0379048062275221,0.03208399671413954,0.06655011204271999
913U,群益崇德,5,0.6,0.23071993220883702,0.8823817688407467,0.6,0.6,0.8,0.043316037098916106,0.05258368865564063,0.090270214086212
9B2H,台新信義,22,0.7727272727272727,0.5655964393704065,0.8987710920517965,0.7727272727272727,0.7272727272727273,0.7727272727272727,0.05914229800704097,0.05115289817503709,0.07803589900250991
9187,群益彰化,14,0.7142857142857143,0.4535045882751561,0.882788120898909,0.7142857142857143,0.5,0.8571428571428571,0.024796992014672604,0.06465130379023548,0.08576539926259197
9204,凱基台中,5,0.6,0.23071993220883702,0.8823817688407467,0.6,0.6,0.8,0.052443514003542156,0.03709996547271378,0.0823829079429361
538W,第一金華江,13,0.9230769230769231,0.6668546607175265,0.9862899336203037,0.6923076923076923,0.46153846153846156,0.7692307692307693,0.036639391356399716,0.04387193956396534,0.07645641737106298
981m,元大高雄,7,0.7142857142857143,0.35892909014821267,0.9177828342909845,0.7142857142857143,0.7142857142857143,0.8571428571428571,0.04325230339126153,0.08411962118546037,0.09008915597343896
9686,富邦宜蘭,11,0.8181818181818182,0.5230138624217553,0.9486333993289994,0.6363636363636364,0.36363636363636365,0.45454545454545453,0.029414121731673473,0.012066671708431368,0.0581240102060137
8450,康和,46,0.7391304347826086,0.5974057019172069,0.8439926480555066,0.5652173913043478,0.41304347826086957,0.6739130434782609,0.025259010310697216,0.029019615712215677,0.06667337964554294
983Z,元大鳳山,6,0.8333333333333334,0.4364905634363539,0.9699474141282696,0.8333333333333334,0.8333333333333334,0.5,0.05354710252464945,0.021490278750761867,0.08382817411006886
918H,群益中山,5,0.4,0.11761823115925325,0.769280067791163,0.2,0.0,0.2,-0.0032318681561132124,-0.02766459460117134,0.026341632303663726
8885,國泰桃園,8,0.375,0.13684175946152105,0.6942621454161982,0.375,0.25,0.25,0.02103054006863132,-0.03386951254825208,0.05483089262945298
815A,台新高雄,10,0.5,0.2365895936154873,0.7634104063845127,0.1,0.1,0.6,0.003349627564910461,0.017679796858610753,0.04213440299492392
920N,凱基湖口,5,0.8,0.37552826411853885,0.9637768390302125,0.6,0.0,0.6,0.0008254266930438348,0.024220302113912028,0.07130677013148569
9A9a,永豐金苓雅,8,0.5,0.2152125268244419,0.7847874731755581,0.375,0.25,0.375,0.008192228922538196,-0.015047688046679088,0.032822418420831286
981z,元大-大統,8,0.5,0.2152125268244419,0.7847874731755581,0.5,0.375,0.5,0.01463916542301455,0.02244516611961002,0.06957793059325337
9A97,永豐金新竹,5,0.6,0.23071993220883702,0.8823817688407467,0.6,0.4,0.6,0.003278600363801892,0.016085017530628756,0.05415428259533468
538B,第一金-新竹,9,0.5555555555555556,0.26664734574402965,0.8112245705280859,0.5555555555555556,0.4444444444444444,0.5555555555555556,0.017418342728083513,0.010834180050404017,0.054377825246979865
9211,凱基-台南,10,0.5,0.2365895936154873,0.7634104063845127,0.5,0.3,0.5,0.004526748578417223,0.01038186911728288,0.06542985208829846
9A9X,永豐金-竹科,8,0.5,0.2152125268244419,0.7847874731755581,0.5,0.5,0.625,0.004633088038538364,0.06782879625240058,0.08812464106497789
8459,康和嘉義,5,1.0,0.565508505247919,1,0.8,0.8,0.4,0.048437475446725636,0.0013236691928475894,0.05547191218492183
9A9C,永豐員林,9,0.6666666666666666,0.35419734749908977,0.8794184013172571,0.6666666666666666,0.3333333333333333,0.5555555555555556,0.010140902349927377,0.020753217438916578,0.06269285400921482
961N,富邦青埔,6,0.8333333333333334,0.4364905634363539,0.9699474141282696,0.8333333333333334,0.5,0.6666666666666666,0.030641980807431204,0.02927861202010974,0.0891588977005775
920G,凱基彰化,16,0.75,0.5050123107060135,0.8981809801576265,0.5,0.5,0.4375,0.032850032571961264,0.011999830721942936,0.05565298528600617
700c,兆豐民生,15,0.7333333333333333,0.48049110342313245,0.8910272389681717,0.6,0.4,0.3333333333333333,0.025588535966651844,-0.013325284810897202,0.045318365306236355
884A,玉山-士林,10,0.9,0.5958436145024278,0.9821242504842789,0.6,0.4,0.4,0.03794925310587121,-0.016389385538501423,0.05832405670813403
6162,中信託忠,27,0.6666666666666666,0.47824419872105484,0.8135694555640666,0.5925925925925926,0.5185185185185185,0.7777777777777778,0.03320211538681002,0.04208186423677089,0.07795939857364978
6167,中國信託-松江,11,0.7272727272727273,0.4343497069897538,0.9025411942607853,0.6363636363636364,0.36363636363636365,0.6363636363636364,0.018467579162751106,0.025018313812260242,0.06586644326029624
9206,凱基高雄,9,0.6666666666666666,0.35419734749908977,0.8794184013172571,0.6666666666666666,0.5555555555555556,0.5555555555555556,0.03405623524795865,0.036628059639127464,0.06430050150675842
779P,國票-九鼎,12,0.5833333333333334,0.3195073356553728,0.8067425380947534,0.5,0.16666666666666666,0.3333333333333333,-0.007251961938721809,0.012893866510407455,0.05340771500708294
918F,群益新店,6,0.5,0.1876128068994087,0.8123871931005913,0.5,0.16666666666666666,0.3333333333333333,0.011920986370362902,-0.018417773274954738,0.04180571569550378
9B2A,台新緯城,5,1.0,0.565508505247919,1,1.0,0.6,0.8,0.06538912115029173,0.03763697765461772,0.08895031120533421
9661,富邦新店,45,0.8222222222222222,0.6866989315634586,0.9070572107414617,0.8,0.4,0.5777777777777777,0.031578415185950656,0.025546429266827066,0.06826124580330163
104C,臺銀高雄,7,1.0,0.6456611570247934,1,0.8571428571428571,0.42857142857142855,0.2857142857142857,0.039768208347311554,0.006695050431001687,0.06935089609933075
9697,富邦虎尾,5,0.8,0.37552826411853885,0.9637768390302125,0.4,0.2,0.6,0.009491906299746545,0.042908132443145994,0.06141255251457637
9A8F,永豐金-敦南,22,0.6818181818181818,0.4731822278283934,0.8363961264530752,0.6363636363636364,0.5454545454545454,0.5,0.023983489498499964,0.015092202276991097,0.05136833801111636
962J,富邦-三峽,7,0.5714285714285714,0.2504542304090258,0.8417830777373732,0.5714285714285714,0.5714285714285714,0.7142857142857143,0.028929011329263114,0.0344792983688512,0.06699539292502946
981I,元大天母,5,1.0,0.565508505247919,1,1.0,0.2,0.6,0.01964305072373023,0.02807587637957599,0.07269327918379476
9813,元大-中崙,16,0.8125,0.5699064013154177,0.9340852122641323,0.5625,0.4375,0.6875,0.018378733318953993,0.03179601064452043,0.061410335800595586
779v,國票台中,10,0.7,0.3967732199795652,0.892210712513788,0.5,0.4,0.5,0.018614676218956815,0.020147375942513823,0.05070395884570762
779D,國票台南,5,0.6,0.23071993220883702,0.8823817688407467,0.6,0.4,0.4,0.004982021297910827,0.0002701413716576787,0.024301791141088096
592b,元富板橋,7,0.7142857142857143,0.35892909014821267,0.9177828342909845,0.7142857142857143,0.5714285714285714,0.5714285714285714,0.04127482386142883,0.03893970749284366,0.05435797846479878
8843,玉山高雄,11,0.6363636363636364,0.35379677689163724,0.8483377638586862,0.6363636363636364,0.45454545454545453,0.36363636363636365,0.027991296814959807,-0.00673505289583842,0.05803022914367684
980d,元大沙鹿,7,0.7142857142857143,0.35892909014821267,0.9177828342909845,0.7142857142857143,0.5714285714285714,0.7142857142857143,0.05402669005415266,0.04210960740215259,0.07909518694389887
9307,華南永昌-大安,7,0.5714285714285714,0.2504542304090258,0.8417830777373732,0.5714285714285714,0.42857142857142855,0.5714285714285714,0.01954628406093773,0.022204753843118232,0.07304386925442845
845J,康和-高雄,18,0.6666666666666666,0.4374906934425036,0.8372144563633714,0.6111111111111112,0.4444444444444444,0.5,0.018616734542424285,0.023928869803274324,0.07263189266739437
585I,統一員林,14,0.6428571428571429,0.3876400468214041,0.8365550926279727,0.6428571428571429,0.42857142857142855,0.6428571428571429,0.027494253531969902,0.032500432341525116,0.06876983848025117
9B19,台新新莊,5,1.0,0.565508505247919,1,1.0,0.6,1.0,0.06222889181334512,0.07401964322758589,0.08194496122234833
9B2o,台新新興,6,0.8333333333333334,0.4364905634363539,0.9699474141282696,0.6666666666666666,0.6666666666666666,0.8333333333333334,0.055912302750134917,0.04621066964075487,0.09059845391652858
9B2r,台新城東,6,1.0,0.6096569663469354,1,1.0,0.8333333333333334,0.8333333333333334,0.061749935946566074,0.05608685927308185,0.08927917376555687
9A9G,永豐金-天母,8,0.25,0.07147768885802765,0.5907301208974108,0.25,0.25,0.375,-0.022140267652557978,-0.01787939013755337,0.02356098413007019
538D,第一金-忠孝,8,0.875,0.5291051942301385,0.9775830911367039,0.625,0.375,0.75,0.03745841469398172,0.043661357941325064,0.07514793464631213
8455,康和-台中,10,0.8,0.49015684672072346,0.9433190520193067,0.8,0.8,0.8,0.03878367106845317,0.04703367782292369,0.07987878083507984
9329,永昌朴子,6,1.0,0.6096569663469354,1,1.0,0.8333333333333334,1.0,0.060417435602235815,0.0794916573530585,0.09836545622378767
7792,國票北投,5,0.8,0.37552826411853885,0.9637768390302125,0.8,0.8,0.8,0.05525484665959211,0.05976884020237343,0.08067733559243397
538P,第一路竹,10,0.6,0.3126695474501863,0.8318224187964901,0.5,0.4,0.8,0.03006100957141388,0.029527148840155792,0.06079084372845882
592H,元富信義,8,0.875,0.5291051942301385,0.9775830911367039,0.75,0.5,0.75,0.05224060808945068,0.049296136154313046,0.07729192244280274
9869,元大-新盛,10,0.7,0.3967732199795652,0.892210712513788,0.7,0.5,0.6,0.0381966180854867,0.015986819158700406,0.07302887434633017
920D,凱基市府,10,0.9,0.5958436145024278,0.9821242504842789,0.9,0.6,0.3,0.036860215476836135,-0.0039226397423990315,0.060223144669014725
9871,元大忠孝,20,0.65,0.43285051021946475,0.8188104521320554,0.55,0.5,0.75,0.03554121000215184,0.04389134447505067,0.06841494880434672
9835,元大員林中,9,0.6666666666666666,0.35419734749908977,0.8794184013172571,0.5555555555555556,0.5555555555555556,0.8888888888888888,0.038102290088420525,0.08485450559017756,0.10319934692535218
9252,凱基-嘉義,5,0.6,0.23071993220883702,0.8823817688407467,0.6,0.4,0.4,0.01348930958705576,0.007524964274186625,0.0669297891884951
884J,玉山大里,6,1.0,0.6096569663469354,1,1.0,0.5,0.8333333333333334,0.05201894165836072,0.05446537715788868,0.08978508772833348
9302,華南台中,13,0.7692307692307693,0.49743126004873084,0.918206209075343,0.5384615384615384,0.46153846153846156,0.46153846153846156,0.02183964526887986,0.005865273073091277,0.0559433432982459
9B1h,台新台中,6,0.6666666666666666,0.2999883213415286,0.903230667440783,0.6666666666666666,0.6666666666666666,0.6666666666666666,0.018023707632311477,0.0071761024410718,0.03125896249093769
918u,群益瑞豐,6,0.8333333333333334,0.4364905634363539,0.9699474141282696,0.8333333333333334,0.6666666666666666,0.5,0.04206906994064432,-0.00533369373723418,0.07631675838153366
980Q,元大南崁,5,0.2,0.036223160969787456,0.6244717358814612,0.0,0.0,1.0,-0.020249715600889735,0.05166448811349702,0.07063139696945538
8842,玉山新莊,16,0.6875,0.4440393186673406,0.8583556494803894,0.5625,0.5625,0.75,0.035921297285859966,0.031895329651825934,0.06713355238299616
9B1g,台新高雄,9,0.4444444444444444,0.188775429471914,0.7333526542559703,0.4444444444444444,0.4444444444444444,0.4444444444444444,0.028515910905116768,0.008409886541049842,0.043566165028766736
918c,群益鳳山,7,1.0,0.6456611570247934,1,0.8571428571428571,0.8571428571428571,0.8571428571428571,0.058742598856594656,0.08136075451980111,0.08609686066707066
9183,群益金鼎-高雄,10,0.7,0.3967732199795652,0.892210712513788,0.6,0.4,0.7,0.022262670721634653,0.029318419900796745,0.06600547346570708
989d,元大北屯,10,0.7,0.3967732199795652,0.892210712513788,0.7,0.4,0.7,0.03478968143237416,0.0369281213109417,0.06935426282278274
9663,富邦-敦南,29,0.5517241379310345,0.37547667068067625,0.7158708885125421,0.5517241379310345,0.5172413793103449,0.6551724137931034,0.014792671874777523,0.036638871502087035,0.07719619717564044
592z,元富文心,7,0.8571428571428571,0.4868654966809702,0.9743210440510253,0.5714285714285714,0.42857142857142855,0.8571428571428571,0.029112116601355743,0.050734825627523114,0.0781283202952187
9309,華南永昌-古亭,8,0.75,0.40926987910258916,0.9285223111419724,0.5,0.375,0.75,0.024431293617568434,0.03214713029381817,0.07074868860313871
9218,凱基大直,7,0.7142857142857143,0.35892909014821267,0.9177828342909845,0.7142857142857143,0.42857142857142855,0.5714285714285714,0.03279507025629473,0.027051693873821996,0.06335936534786193
5380,第一金證,5,0.6,0.23071993220883702,0.8823817688407467,0.6,0.6,0.6,0.041788449279314514,0.021855818674303522,0.06092016707106127
592B,元富永和,19,0.631578947368421,0.41039157498156714,0.8085072762372616,0.5263157894736842,0.3157894736842105,0.5789473684210527,0.015286057683819906,0.015609899419488675,0.04881267979530802
592E,元富城中,9,0.8888888888888888,0.5649937852319398,0.9801096286728695,0.8888888888888888,0.5555555555555556,0.5555555555555556,0.04144131163668063,0.020259608449745455,0.06337770286452787
1023,合庫-高雄,13,0.6153846153846154,0.3552248097226855,0.8229055341876319,0.6153846153846154,0.46153846153846156,0.6153846153846154,0.025748078129755738,0.03848260587368849,0.0720448402020928
989B,元大-台中中港,14,0.9285714285714286,0.6853073044604219,0.9872781138877085,0.8571428571428571,0.7857142857142857,0.6428571428571429,0.06768560047224205,0.03287711698820987,0.0752766649417524
700j,兆豐大安,14,0.5714285714285714,0.3259026690286935,0.7861949006959947,0.5714285714285714,0.5,0.6428571428571429,0.030882361989799493,0.03319643808190827,0.06683499173341609
538A,第一金新興,13,0.7692307692307693,0.49743126004873084,0.918206209075343,0.7692307692307693,0.5384615384615384,0.7692307692307693,0.040625591921215294,0.04681831889348091,0.07227321318673946
779E,國票-南崁,7,0.7142857142857143,0.35892909014821267,0.9177828342909845,0.7142857142857143,0.42857142857142855,0.2857142857142857,0.028744955962200114,0.0050467981714749826,0.040519215651585345
700r,兆豐寶成,6,0.8333333333333334,0.4364905634363539,0.9699474141282696,0.8333333333333334,0.6666666666666666,0.3333333333333333,0.02891958464485539,-0.0022013384673753777,0.06484023350468167
989A,元大北投,11,0.5454545454545454,0.2800877556899882,0.7872904245601196,0.5454545454545454,0.45454545454545453,0.36363636363636365,0.01942039027345419,0.0031195961828044596,0.04487455343763788
9B2Z,台新安南,13,0.5384615384615384,0.29143432431832045,0.7679424569851186,0.5384615384615384,0.46153846153846156,0.46153846153846156,0.030743351352630524,0.007910022425150194,0.049967575593531904
9853,元大-南屯,10,0.6,0.3126695474501863,0.8318224187964901,0.5,0.4,0.6,0.010279050959528182,0.025207120546296043,0.07017852350568249
7000,兆豐,28,0.7142857142857143,0.529403642629825,0.8474618415167003,0.6428571428571429,0.39285714285714285,0.6785714285714286,0.0263851266452944,0.040400978291097026,0.06884675982401695
9604,富邦陽明,26,0.6923076923076923,0.5001138848576876,0.8349887906020733,0.5384615384615384,0.34615384615384615,0.6923076923076923,0.01719187833634498,0.024491776817592587,0.0628662540288501
963A,富邦-八德,6,0.8333333333333334,0.4364905634363539,0.9699474141282696,0.8333333333333334,0.8333333333333334,0.8333333333333334,0.062325871997757076,0.06663429894301727,0.08202033877959701
7001,兆豐嘉義,10,0.7,0.3967732199795652,0.892210712513788,0.7,0.4,0.4,0.02073273263416796,0.020078051770648545,0.05419710333175942
8886,國泰新莊,8,0.625,0.3057378545838018,0.863158240538479,0.375,0.375,0.875,0.02314958244424382,0.040395501450105925,0.08007225382470315
9A9K,永豐金三重,6,1.0,0.6096569663469354,1,0.8333333333333334,0.6666666666666666,0.6666666666666666,0.052407238415549166,0.03346246057490112,0.08782798671908339
918C,群益古亭,5,0.8,0.37552826411853885,0.9637768390302125,0.8,0.6,0.6,0.04080679040813038,0.048501589316180316,0.07071095145609801
9217,凱基松山,14,0.8571428571428571,0.600580922361363,0.9599069262620787,0.7142857142857143,0.7142857142857143,0.6428571428571429,0.05651542565108345,0.02965200164805009,0.08418907135738736
9303,永昌高雄,15,0.6,0.357464427565077,0.8017577191740534,0.6,0.4666666666666667,0.6,0.027374310989261044,0.02098357956396135,0.06353092349998309
920M,凱基-宜蘭,33,0.36363636363636365,0.22186966167959873,0.5338412737846591,0.2727272727272727,0.21212121212121213,0.48484848484848486,-0.010743092642376013,0.006662496334184425,0.04854015702994312
779J,國票北高雄,9,0.8888888888888888,0.5649937852319398,0.9801096286728695,0.8888888888888888,0.5555555555555556,0.5555555555555556,0.042719582922339495,0.009269086909203582,0.06110917664813961
9223,凱基豐中,9,0.7777777777777778,0.4525833436728054,0.9367762376877727,0.7777777777777778,0.5555555555555556,0.4444444444444444,0.028343100239801064,0.011829726175116892,0.07055963033242871
8562,新光高雄,8,0.75,0.40926987910258916,0.9285223111419724,0.75,0.625,0.375,0.0369066374934732,0.020220270834626405,0.07014533315845231
9A9L,永豐金台中,7,0.42857142857142855,0.1582169222626268,0.7495457695909742,0.42857142857142855,0.2857142857142857,0.7142857142857143,0.014763847263847236,0.030456558232034588,0.060081653192154416
9255,凱基和平,6,0.8333333333333334,0.4364905634363539,0.9699474141282696,0.5,0.3333333333333333,0.6666666666666666,0.0288333968983613,0.031010653891916252,0.05349330174850105
9362,永昌苗栗,5,0.8,0.37552826411853885,0.9637768390302125,0.8,0.4,0.4,0.03234768621871453,0.008481620710141986,0.05952101547891305
966F,富邦左營,7,0.7142857142857143,0.35892909014821267,0.9177828342909845,0.7142857142857143,0.7142857142857143,0.5714285714285714,0.061142942407579386,0.050683437157613365,0.07290743013872604
6164,中信託文心,9,0.4444444444444444,0.188775429471914,0.7333526542559703,0.4444444444444444,0.3333333333333333,0.5555555555555556,-0.0038091521145493714,0.008488765459074057,0.052685696625627054
8152,台新新莊,10,0.7,0.3967732199795652,0.892210712513788,0.6,0.3,0.7,0.013536391622150645,0.035759270869930915,0.060264313216503516
9B2U,台新宜蘭,7,0.8571428571428571,0.4868654966809702,0.9743210440510253,0.8571428571428571,0.5714285714285714,0.7142857142857143,0.04953337239857942,0.03565773995517991,0.07034060658355692
884F,玉山桃園,9,0.6666666666666666,0.35419734749908977,0.8794184013172571,0.6666666666666666,0.5555555555555556,0.5555555555555556,0.040723716234448704,0.009485156855654986,0.06374989009382845
9654,富邦-永和,15,0.6666666666666666,0.4171312515121298,0.8482389930530875,0.6,0.4666666666666667,0.4,0.019575271737135143,0.001610757577103521,0.043312660744004625
884D,玉山左營,6,0.8333333333333334,0.4364905634363539,0.9699474141282696,0.8333333333333334,0.8333333333333334,0.3333333333333333,0.045797304125381,0.001485800061822801,0.07340320919725071
845U,康和台北,6,0.6666666666666666,0.2999883213415286,0.903230667440783,0.6666666666666666,0.5,0.6666666666666666,0.02656379295694389,0.0291255095032132,0.06954000271561302
9322,永昌基隆,8,0.875,0.5291051942301385,0.9775830911367039,0.875,0.75,0.625,0.048464886179070736,0.027936297167469752,0.07403679689759933
9A9S,永豐金南京,5,0.6,0.23071993220883702,0.8823817688407467,0.4,0.4,0.4,0.040719593396827965,0.005617957706899527,0.0682255242182668
9347,永昌敦南,9,0.8888888888888888,0.5649937852319398,0.9801096286728695,0.7777777777777778,0.4444444444444444,0.5555555555555556,0.03234073127477223,0.011786980906697091,0.06354534529186279
9A9Y,永豐金板盛,6,1.0,0.6096569663469354,1,1.0,0.8333333333333334,0.8333333333333334,0.05457026822653294,0.044904101799485875,0.07758950576308493
8840,玉山,16,0.5,0.2799923761135083,0.7200076238864918,0.3125,0.25,0.5,0.0069170600337511035,0.016531296996112697,0.04958229568836881
9332,華南楠梓,8,0.75,0.40926987910258916,0.9285223111419724,0.75,0.625,0.625,0.030583320375208018,0.013531304463656843,0.07661662691280537
9186,群益金鼎-新竹,11,0.6363636363636364,0.35379677689163724,0.8483377638586862,0.5454545454545454,0.5454545454545454,0.6363636363636364,0.015649963345287263,0.025247140616378953,0.0695496917363215
9672,富邦員林,13,0.6923076923076923,0.4236888781333764,0.873195028383819,0.6923076923076923,0.46153846153846156,0.6153846153846154,0.033605819464031336,0.032987046783335146,0.07145948429910563
9B2P,台新同大,5,0.6,0.23071993220883702,0.8823817688407467,0.6,0.4,0.6,0.017071989214756614,0.0008074873211802967,0.05089330741963648
9856,元大花蓮,5,0.6,0.23071993220883702,0.8823817688407467,0.6,0.2,0.4,0.008259778567541082,0.010113286340025104,0.04723411166765672
585M,統一士林,11,0.6363636363636364,0.35379677689163724,0.8483377638586862,0.6363636363636364,0.5454545454545454,0.6363636363636364,0.018308526377188467,0.02892261270823536,0.06284026729907609
918A,群益中壢,5,0.8,0.37552826411853885,0.9637768390302125,0.8,0.6,0.8,0.03694287862403927,0.055582922824302126,0.07633858712075699
9A9x,永豐金桃園,15,0.6666666666666666,0.4171312515121298,0.8482389930530875,0.6,0.26666666666666666,0.6666666666666666,0.02098249169494994,0.0173489274939868,0.054780723626926466
8960,上海匯豐,8,0.625,0.3057378545838018,0.863158240538479,0.5,0.25,0.5,0.01513422647216342,0.021848593760970467,0.0667681447429641
981F,元大福營,7,0.7142857142857143,0.35892909014821267,0.9177828342909845,0.7142857142857143,0.42857142857142855,0.8571428571428571,0.04567914658180488,0.07160021075109527,0.08208158036774689
922C,凱基屏東,9,0.8888888888888888,0.5649937852319398,0.9801096286728695,0.8888888888888888,0.7777777777777778,0.7777777777777778,0.05148972369778551,0.04075516071444913,0.08603005963397917
5382,第一金台中,6,0.8333333333333334,0.4364905634363539,0.9699474141282696,0.8333333333333334,0.6666666666666666,0.6666666666666666,0.05642880310657744,0.024158524638790677,0.0789275024986144
9884,元大斗信,5,0.4,0.11761823115925325,0.769280067791163,0.4,0.4,0.4,0.003107151537345248,0.006000681725034899,0.058489917515634614
9A9g,永豐內湖,12,0.8333333333333334,0.5519636426153274,0.9530358523851776,0.6666666666666666,0.5,0.5833333333333334,0.036737955555955354,0.022200394554365382,0.06820930963803672
700p,兆豐復興,7,0.7142857142857143,0.35892909014821267,0.9177828342909845,0.5714285714285714,0.5714285714285714,0.8571428571428571,0.04094665424383841,0.045259884155550816,0.07623542166057597
918E,群益南京,5,0.6,0.23071993220883702,0.8823817688407467,0.6,0.4,1.0,0.0361798322523398,0.0556362409245305,0.0667260765545015
845D,康和板橋,5,0.6,0.23071993220883702,0.8823817688407467,0.6,0.4,0.8,0.021773539985686232,0.07229498588174857,0.07759034259137541
8849,玉山景美,9,0.8888888888888888,0.5649937852319398,0.9801096286728695,0.6666666666666666,0.5555555555555556,0.5555555555555556,0.037370825706105636,0.018028801755201874,0.06229325991860245
9A98,永豐金大園,5,0.6,0.23071993220883702,0.8823817688407467,0.6,0.4,0.8,0.0324122541091348,0.053681782454691206,0.08846601790586119
1261,宏遠-民生,7,0.8571428571428571,0.4868654966809702,0.9743210440510253,0.7142857142857143,0.7142857142857143,0.42857142857142855,0.04693287963083252,-0.005024474284065431,0.052003841027633384
884B,玉山台中,8,0.625,0.3057378545838018,0.863158240538479,0.625,0.375,0.5,0.029762285573044094,0.03159566306902168,0.07286086923696602
910D,群益市府,5,0.8,0.37552826411853885,0.9637768390302125,0.8,0.6,0.8,0.024729821854847043,0.06259414264348466,0.08318751088083196
9B2Q,元富-敦南,5,0.6,0.23071993220883702,0.8823817688407467,0.4,0.4,0.4,0.03483539299254047,0.012122410217708162,0.05984602432375916
984H,元大-景美,11,0.6363636363636364,0.35379677689163724,0.8483377638586862,0.6363636363636364,0.6363636363636364,0.5454545454545454,0.048611261021520795,0.027984192564294828,0.07104764275085068
538Y,第一金中壢,8,0.875,0.5291051942301385,0.9775830911367039,0.75,0.5,0.5,0.02980430773571851,-0.013056912902019588,0.05373526697819862
888K,國泰-板橋,15,0.6666666666666666,0.4171312515121298,0.8482389930530875,0.6666666666666666,0.4,0.3333333333333333,0.027164267961821194,0.010377043253800452,0.05073765056906995
700V,兆豐新竹,16,0.8125,0.5699064013154177,0.9340852122641323,0.6875,0.625,0.6875,0.03097986141007126,0.04651909332987033,0.08095715087119676
9891,元大-永和,10,0.5,0.2365895936154873,0.7634104063845127,0.5,0.3,0.7,0.011849465174375776,0.018098520337803518,0.05703822564623863
9278,凱基-永康,12,0.75,0.4676896608793401,0.9110599603710388,0.75,0.5,0.5833333333333334,0.016470138969134292,0.008249566982580402,0.07074469444353414
6460,大昌,5,1.0,0.565508505247919,1,1.0,0.8,0.6,0.05649174317881911,0.029217709292954197,0.07365439624090267
989S,元大-鹿港,8,0.5,0.2152125268244419,0.7847874731755581,0.375,0.25,0.5,0.002642961807183592,-0.005500883049386019,0.05742411743272736
7003,兆豐台中,9,0.7777777777777778,0.4525833436728054,0.9367762376877727,0.7777777777777778,0.5555555555555556,0.7777777777777778,0.030215497653725505,0.039184692808498345,0.06765086096420497
1043,臺銀-民權,6,0.8333333333333334,0.4364905634363539,0.9699474141282696,0.6666666666666666,0.5,0.5,0.019808698204175395,0.023427621420621814,0.06621595833692574
700g,兆豐南門,5,0.8,0.37552826411853885,0.9637768390302125,0.6,0.6,0.8,0.04783484973187991,0.04648092796493527,0.0775175993387282
700L,兆豐天母,5,0.6,0.23071993220883702,0.8823817688407467,0.4,0.2,0.6,0.01237444233275537,0.020401110949717548,0.060818524551842744
989P,元大敦南,19,0.8421052631578947,0.6243407235682331,0.9447962896007217,0.7894736842105263,0.42105263157894735,0.6842105263157895,0.028618873309787244,0.0281534299663475,0.07250927252071303
845F,康和仁愛,7,0.5714285714285714,0.2504542304090258,0.8417830777373732,0.42857142857142855,0.42857142857142855,0.8571428571428571,0.013594790052350472,0.05045578680623652,0.08256109833186683
1115,台灣企銀-太平,7,0.7142857142857143,0.35892909014821267,0.9177828342909845,0.7142857142857143,0.5714285714285714,0.42857142857142855,0.01816417919673302,0.0006984025010988767,0.08059703287707431
6461,大昌樹林,6,0.16666666666666666,0.030052585871730285,0.563509436563646,0.16666666666666666,0.16666666666666666,0.3333333333333333,0.0034339927013281313,0.00437075025854003,0.041690165944934236
9879,元大板橋三,5,0.8,0.37552826411853885,0.9637768390302125,0.6,0.4,0.6,0.035119516573768314,0.017402758974119366,0.07074842842559041
7006,兆豐台南,16,0.875,0.6397666856325172,0.9650232506629429,0.8125,0.6875,0.75,0.05567830101104058,0.04344569863995055,0.0781827656559679
8159,台新台南,7,0.7142857142857143,0.35892909014821267,0.9177828342909845,0.7142857142857143,0.7142857142857143,0.8571428571428571,0.04511669506249539,0.06442989237006055,0.07784736807975198
981h,元大-屏東民生,5,0.8,0.37552826411853885,0.9637768390302125,0.6,0.6,0.6,0.04113523399561208,0.024310600114150482,0.0728243144420577
9863,元大和平,6,1.0,0.6096569663469354,1,1.0,0.8333333333333334,0.8333333333333334,0.059167407541436616,0.07909538675045168,0.08605297765529873
983i,元大-大雅,8,0.5,0.2152125268244419,0.7847874731755581,0.375,0.375,0.5,0.014160481364143966,0.019718068206305006,0.0593643501442526
9898,元大新莊,14,0.42857142857142855,0.21380509930400526,0.6740973309713064,0.2857142857142857,0.21428571428571427,0.5714285714285714,0.004878316606182438,0.014722358683042586,0.054943444189428495
9634,富邦羅東,6,0.6666666666666666,0.2999883213415286,0.903230667440783,0.6666666666666666,0.3333333333333333,1.0,0.011028653166485061,0.07827299834892094,0.10428242781148721
9A69,永豐金-屏東,5,0.4,0.11761823115925325,0.769280067791163,0.2,0.0,0.2,-0.022437673886909346,-0.031817404574878166,0.0035721224841204933
9319,永昌鶯歌,5,0.8,0.37552826411853885,0.9637768390302125,0.6,0.6,0.8,0.05332631508425969,0.04844791117211057,0.08090786009895973
962C,富邦-竹科,10,0.7,0.3967732199795652,0.892210712513788,0.7,0.2,0.4,0.012677008396767529,-0.0018894828710605874,0.0582509225532382
9896,元大台南,5,0.8,0.37552826411853885,0.9637768390302125,0.8,0.8,0.8,0.058970247841225544,0.0445612355804947,0.09298502439013771
9A9h,永豐金-台南,18,0.2777777777777778,0.12499569146355476,0.5087307754619452,0.2777777777777778,0.16666666666666666,0.5555555555555556,-0.0382925228807141,0.015308140805444351,0.06465524855604653
961P,富邦和美,6,0.6666666666666666,0.2999883213415286,0.903230667440783,0.5,0.5,0.6666666666666666,0.04845487167163393,0.030564733063828464,0.06704844404190342
9647,富邦新竹,21,0.8571428571428571,0.6536350585077049,0.950190782017865,0.7142857142857143,0.5714285714285714,0.8095238095238095,0.040631809593427166,0.05873738797881848,0.09043517682305385
9857,元大蘆洲,7,0.5714285714285714,0.2504542304090258,0.8417830777373732,0.42857142857142855,0.2857142857142857,0.7142857142857143,0.019024923344411297,0.03339014502167489,0.054002935075752066
779n,國票南京,5,0.8,0.37552826411853885,0.9637768390302125,0.6,0.4,0.6,0.03952206854534862,0.041735849260136945,0.066296710914519
585A,統一基隆,7,0.5714285714285714,0.2504542304090258,0.8417830777373732,0.5714285714285714,0.42857142857142855,0.7142857142857143,0.027350937873368144,0.03125193227236927,0.06463896715589387
845B,康和永和,5,0.6,0.23071993220883702,0.8823817688407467,0.6,0.6,0.6,0.031816643084901786,0.00466083574528847,0.043009661792848715
9636,富邦中壢,7,0.5714285714285714,0.2504542304090258,0.8417830777373732,0.42857142857142855,0.2857142857142857,0.42857142857142855,3.2175736689503565e-05,0.012605381276136241,0.046541849959694834
981i,元大西螺,6,0.8333333333333334,0.4364905634363539,0.9699474141282696,0.6666666666666666,0.6666666666666666,0.8333333333333334,0.06263257057399532,0.054487215150602536,0.0801267294525
779u,國票長城,11,0.6363636363636364,0.35379677689163724,0.8483377638586862,0.5454545454545454,0.45454545454545453,0.6363636363636364,0.021739085990369344,0.04053287201160755,0.06650286106467368
6168,中國信託-嘉義,9,0.7777777777777778,0.4525833436728054,0.9367762376877727,0.7777777777777778,0.3333333333333333,0.5555555555555556,0.01949155719738692,0.009501572050151178,0.060022986791536934
989C,元大板橋,5,1.0,0.565508505247919,1,1.0,0.6,0.4,0.057158194591207426,0.009629936894937654,0.060563984433940066
5383,第一金高雄,6,0.8333333333333334,0.4364905634363539,0.9699474141282696,0.6666666666666666,0.3333333333333333,0.5,0.037552930332341916,0.0030402038037165868,0.059704049653272535
5660,日進,5,1.0,0.565508505247919,1,1.0,0.8,0.8,0.07409597754095336,0.051532034612425434,0.07990397103699605
9236,凱基-虎尾,6,0.3333333333333333,0.09676933255921684,0.7000116786584712,0.3333333333333333,0.16666666666666666,0.8333333333333334,-0.001460811245822621,0.0303737881070545,0.07443111339101478
700N,兆豐埔墘,8,1.0,0.6755843804891231,1,1.0,0.875,0.625,0.06444153417266074,0.039571988500175966,0.08335500837604008
9B2M,台新彰化,5,1.0,0.565508505247919,1,1.0,0.8,1.0,0.07811797862670208,0.09773431893301372,0.09773431893301372
884C,玉山-信義,5,0.6,0.23071993220883702,0.8823817688407467,0.6,0.6,0.8,0.02156317379855748,0.14477211160789333,0.19175864796062753
921S,凱基新莊,11,0.8181818181818182,0.5230138624217553,0.9486333993289994,0.8181818181818182,0.6363636363636364,0.7272727272727273,0.03372070246739269,0.03121429182318052,0.06246602694808933
9108,群益海山,5,1.0,0.565508505247919,1,1.0,0.8,1.0,0.06292585172011567,0.05528296782613433,0.08711201674034563
884H,玉山-新竹,7,0.42857142857142855,0.1582169222626268,0.7495457695909742,0.2857142857142857,0.2857142857142857,0.7142857142857143,-0.01718040082730543,0.07702377788447567,0.0980624271282834
9317,華南林口,6,0.8333333333333334,0.4364905634363539,0.9699474141282696,0.6666666666666666,0.6666666666666666,0.8333333333333334,0.05120394806865136,0.07047572674631457,0.09235484788108249
9A95,,10,0.1,0.01787574951572113,0.4041563854975721,0.0,0.0,0.2,-0.039371575491282645,-0.030472860975482446,0.04320839157520231
9887,,8,0.0,0,0.3244156195108769,0.0,0.0,0.375,-0.04834071357155591,-0.00777200715215955,0.06306969531897921
962A,富邦南港,9,1.0,0.7008472464490406,1,0.8888888888888888,0.7777777777777778,1.0,0.05610494338596889,0.08364721531026478,0.09726611624268017
962Q,富邦北高雄,6,0.8333333333333334,0.4364905634363539,0.9699474141282696,0.8333333333333334,0.5,0.6666666666666666,0.04497404560173952,0.03414708160163176,0.07212698425394894
9A92,永豐金-萬盛,9,0.4444444444444444,0.188775429471914,0.7333526542559703,0.4444444444444444,0.3333333333333333,0.6666666666666666,0.002456859844509989,0.009071019536289495,0.05163055725325354
6012,?亞網路,12,0.9166666666666666,0.6461140782014047,0.9851352905492264,0.9166666666666666,0.6666666666666666,0.75,0.05691505170958247,0.055384737257658447,0.08054443028620618
638A,光和嘉義,8,0.75,0.40926987910258916,0.9285223111419724,0.75,0.625,0.5,0.030984629796597,0.025807163971515074,0.07149101017860472
9234,凱基-竹北,6,0.8333333333333334,0.4364905634363539,0.9699474141282696,0.8333333333333334,0.6666666666666666,1.0,0.04997038790776698,0.06750474864407706,0.08139250058097566
9272,凱基竹科,7,0.5714285714285714,0.2504542304090258,0.8417830777373732,0.5714285714285714,0.5714285714285714,0.5714285714285714,0.029403129392871114,0.02263595872889041,0.07996723888171946
989U,元大大甲,5,1.0,0.565508505247919,1,1.0,1.0,0.4,0.06036278770159507,0.01716585829871602,0.07124711051484503
9867,元大民權,7,0.8571428571428571,0.4868654966809702,0.9743210440510253,0.8571428571428571,0.7142857142857143,0.5714285714285714,0.04712109954743676,0.026921866036120408,0.07371558012287759
918M,群益嘉義,6,0.6666666666666666,0.2999883213415286,0.903230667440783,0.5,0.5,0.5,0.036463402513756564,0.02315700336928778,0.05664225601362414
1117,台灣企銀-竹北,5,0.8,0.37552826411853885,0.9637768390302125,0.8,0.6,0.8,0.0585714448414806,0.07040953208222787,0.07787221864939206
8883,國泰松江,9,0.5555555555555556,0.26664734574402965,0.8112245705280859,0.5555555555555556,0.3333333333333333,0.5555555555555556,0.027728095194665434,0.0253185933688564,0.06064327387739213
9297,凱基-文心,11,0.7272727272727273,0.4343497069897538,0.9025411942607853,0.6363636363636364,0.45454545454545453,0.6363636363636364,0.022780886297148428,0.025213051192117322,0.05895483166725887
920V,凱基新店,5,0.8,0.37552826411853885,0.9637768390302125,0.8,0.8,0.6,0.033017067722950044,0.02028928323045967,0.06456492632963215
1021,合庫台中,8,0.875,0.5291051942301385,0.9775830911367039,0.875,0.75,0.375,0.04761629043541849,0.005832247253579044,0.07393893446746021
981V,元大民雄,6,0.6666666666666666,0.2999883213415286,0.903230667440783,0.5,0.5,0.3333333333333333,0.035434226953999705,0.00022957397752269038,0.041962194820032946
9A9i,永豐金新店,5,0.8,0.37552826411853885,0.9637768390302125,0.8,0.6,0.8,0.04826186456841329,0.052848233720627136,0.07862979029355062
815Y,台新新營,5,0.6,0.23071993220883702,0.8823817688407467,0.6,0.6,0.8,0.024541687412512465,0.04065726660934527,0.08295194836749584
592U,元富-宜蘭,5,0.2,0.036223160969787456,0.6244717358814612,0.0,0.0,0.4,-0.03550856489695622,0.02219126990034605,0.056321987163890294
961Z,富邦永康,7,0.7142857142857143,0.35892909014821267,0.9177828342909845,0.7142857142857143,0.7142857142857143,0.42857142857142855,0.0390352122890308,0.020905399007180785,0.06092036871858988
700M,兆豐桃園,5,0.8,0.37552826411853885,0.9637768390302125,0.6,0.6,1.0,0.034807186256694315,0.06785749401506021,0.08351555071683754
5260,美好,6,0.6666666666666666,0.2999883213415286,0.903230667440783,0.6666666666666666,0.5,0.6666666666666666,0.020404279829344056,0.010878359710369566,0.06882543058810935
